{"cameraMode":{"drawMode":0,"name":"Shaded","section":"Shading Mode"},"sceneLighting":true,"audioPlay":false,"sceneViewState":{"m_AlwaysRefresh":false,"showFog":true,"showSkybox":true,"showFlares":true,"showImageEffects":true,"showParticleSystems":true,"showVisualEffectGraphs":true,"m_FxEnabled":true},"in2DMode":false,"pivot":{"x":-9.757722854614258,"y":4.222504615783691,"z":-16.956693649291993},"rotation":{"x":0.03456740453839302,"y":0.2783829867839813,"z":-0.010026302188634873,"w":0.9598021507263184},"size":2.9546918869018556,"orthographic":true}